Provider;Location;Aggregate Date;Test Count;Sample Count;Metric Type;User Count;Minimum Latency;Download Speed;Upload Speed;Download Speed Mbps;Upload Speed Mbps
All Providers Combined;ARMENIA;2022-01;11395.0;3401.0;median;3401.0;22.0;55598.0;11240.0;55.6;11.24
All Providers Combined;LETICIA;2022-01;2.0;2.0;median;2.0;67.0;583.0;337.0;0.58;0.34
All Providers Combined;MEDELLIN;2022-01;216811.0;68557.0;median;68557.0;11.0;60758.0;13356.0;60.76;13.36
All Providers Combined;ARAUCA;2022-01;1078.0;371.0;median;371.0;22.0;9059.0;4645.0;9.06;4.65
All Providers Combined;BARRANQUILLA;2022-01;74945.0;21709.0;median;21709.0;18.0;56347.0;16625.0;56.35;16.63
All Providers Combined;BOGOTA;2022-01;905088.0;272768.0;median;272768.0;9.0;76637.0;21927.0;76.64;21.93
All Providers Combined;CARTAGENA;2022-01;26169.0;7842.0;median;7842.0;14.0;59174.0;13422.0;59.17;13.42
All Providers Combined;TUNJA;2022-01;13952.0;4031.0;median;4031.0;15.0;46927.0;16399.0;46.93;16.4
All Providers Combined;MANIZALES;2022-01;32577.0;8608.0;median;8608.0;30.0;56886.0;12019.0;56.89;12.02
All Providers Combined;FLORENCIA;2022-01;5603.0;1445.0;median;1445.0;22.0;32664.0;19805.0;32.66;19.81
All Providers Combined;YOPAL;2022-01;6032.0;1784.0;median;1784.0;18.0;49597.0;11089.0;49.6;11.09
All Providers Combined;POPAYAN;2022-01;17390.0;4766.0;median;4766.0;20.0;44534.0;11272.0;44.53;11.27
All Providers Combined;VALLEDUPAR;2022-01;14868.0;4381.0;median;4381.0;31.0;61005.0;14261.0;61.01;14.26
All Providers Combined;QUIBDO;2022-01;436.0;121.0;median;121.0;38.0;7332.0;918.0;7.33;0.92
All Providers Combined;MONTERIA;2022-01;15229.0;4225.0;median;4225.0;19.0;51037.0;14700.0;51.04;14.7
All Providers Combined;INIRIDA;2022-01;19.0;11.0;median;11.0;23.0;33620.0;29099.0;33.62;29.1
All Providers Combined;SAN JOSE DEL GUAVIARE;2022-01;827.0;169.0;median;169.0;19.0;9412.0;12978.0;9.41;12.98
All Providers Combined;NEIVA;2022-01;16803.0;5253.0;median;5253.0;21.0;42175.0;12494.0;42.18;12.49
All Providers Combined;RIOHACHA;2022-01;3745.0;1182.0;median;1182.0;38.0;49544.0;15219.0;49.54;15.22
All Providers Combined;SANTA MARTA;2022-01;14788.0;4402.0;median;4402.0;25.0;49032.0;11760.0;49.03;11.76
All Providers Combined;VILLAVICENCIO;2022-01;27910.0;8077.0;median;8077.0;13.0;60071.0;19407.0;60.07;19.41
All Providers Combined;PASTO;2022-01;15471.0;4548.0;median;4548.0;25.0;42298.0;11114.0;42.3;11.11
All Providers Combined;CUCUTA;2022-01;27857.0;8522.0;median;8522.0;25.0;49381.0;13740.0;49.38;13.74
All Providers Combined;MOCOA;2022-01;154.0;49.0;median;49.0;30.0;11295.0;9946.0;11.3;9.95
All Providers Combined;PEREIRA;2022-01;31605.0;9513.0;median;9513.0;22.0;50236.0;12826.0;50.24;12.83
All Providers Combined;SAN ANDRES;2022-01;368.0;101.0;median;101.0;14.0;3825.0;2824.0;3.83;2.82
All Providers Combined;BUCARAMANGA;2022-01;69774.0;20195.0;median;20195.0;27.0;69281.0;21753.0;69.28;21.75
All Providers Combined;SINCELEJO;2022-01;5795.0;1945.0;median;1945.0;18.0;39037.0;9901.0;39.04;9.9
All Providers Combined;IBAGUE;2022-01;27178.0;7902.0;median;7902.0;15.0;54568.0;20592.0;54.57;20.59
All Providers Combined;CALI;2022-01;144880.0;42620.0;median;42620.0;19.0;59122.0;19901.0;59.12;19.9
All Providers Combined;ARMENIA;2022-02;9519.0;2770.0;median;2770.0;22.0;66577.0;15450.0;66.58;15.45
All Providers Combined;MEDELLIN;2022-02;239242.0;75560.0;median;75560.0;11.0;64017.0;17416.0;64.02;17.42
All Providers Combined;ARAUCA;2022-02;917.0;344.0;median;344.0;24.0;9187.0;4754.0;9.19;4.75
All Providers Combined;BARRANQUILLA;2022-02;71574.0;21276.0;median;21276.0;16.0;60878.0;20769.0;60.88;20.77
All Providers Combined;BOGOTA;2022-02;874308.0;264078.0;median;264078.0;9.0;81467.0;25663.0;81.47;25.66
All Providers Combined;CARTAGENA;2022-02;26306.0;7449.0;median;7449.0;13.0;63031.0;14873.0;63.03;14.87
All Providers Combined;TUNJA;2022-02;15767.0;4725.0;median;4725.0;15.0;53011.0;19541.0;53.01;19.54
All Providers Combined;MANIZALES;2022-02;25009.0;7222.0;median;7222.0;28.0;63608.0;15130.0;63.61;15.13
All Providers Combined;FLORENCIA;2022-02;3401.0;994.0;median;994.0;22.0;36498.0;22093.0;36.5;22.09
All Providers Combined;YOPAL;2022-02;5398.0;1564.0;median;1564.0;18.0;47250.0;15942.0;47.25;15.94
All Providers Combined;POPAYAN;2022-02;17494.0;4752.0;median;4752.0;20.0;46666.0;15432.0;46.67;15.43
All Providers Combined;VALLEDUPAR;2022-02;13553.0;3910.0;median;3910.0;29.0;64246.0;18384.0;64.25;18.38
All Providers Combined;QUIBDO;2022-02;430.0;103.0;median;103.0;40.0;8158.0;4285.0;8.16;4.29
All Providers Combined;MONTERIA;2022-02;13476.0;3724.0;median;3724.0;17.0;57836.0;18855.0;57.84;18.86
All Providers Combined;INIRIDA;2022-02;4.0;3.0;median;3.0;12.0;93513.0;94739.0;93.51;94.74
All Providers Combined;SAN JOSE DEL GUAVIARE;2022-02;618.0;158.0;median;158.0;15.0;12128.0;11842.0;12.13;11.84
All Providers Combined;NEIVA;2022-02;15976.0;4948.0;median;4948.0;21.0;43941.0;17097.0;43.94;17.1
All Providers Combined;RIOHACHA;2022-02;3220.0;1058.0;median;1058.0;35.0;50782.0;17351.0;50.78;17.35
All Providers Combined;SANTA MARTA;2022-02;15270.0;4553.0;median;4553.0;21.0;53517.0;16512.0;53.52;16.51
All Providers Combined;VILLAVICENCIO;2022-02;27141.0;7829.0;median;7829.0;14.0;62841.0;21548.0;62.84;21.55
All Providers Combined;PASTO;2022-02;15800.0;4662.0;median;4662.0;24.0;47678.0;16479.0;47.68;16.48
All Providers Combined;CUCUTA;2022-02;26347.0;8180.0;median;8180.0;23.0;52810.0;17305.0;52.81;17.31
All Providers Combined;MOCOA;2022-02;191.0;52.0;median;52.0;27.0;18006.0;16218.0;18.01;16.22
All Providers Combined;PEREIRA;2022-02;29263.0;8497.0;median;8497.0;22.0;53534.0;16951.0;53.53;16.95
All Providers Combined;SAN ANDRES;2022-02;306.0;84.0;median;84.0;6.0;3947.0;3376.0;3.95;3.38
All Providers Combined;BUCARAMANGA;2022-02;65866.0;20155.0;median;20155.0;27.0;68751.0;21300.0;68.75;21.3
All Providers Combined;SINCELEJO;2022-02;5772.0;1849.0;median;1849.0;17.0;43999.0;10564.0;44.0;10.56
All Providers Combined;IBAGUE;2022-02;25878.0;7490.0;median;7490.0;15.0;61992.0;24293.0;61.99;24.29
All Providers Combined;CALI;2022-02;140271.0;41837.0;median;41837.0;18.0;64304.0;21793.0;64.3;21.79
All Providers Combined;ARMENIA;2022-03;8865.0;2524.0;median;2524.0;22.0;62900.0;15769.0;62.9;15.77
All Providers Combined;LETICIA;2022-03;3.0;1.0;median;1.0;46.0;2832.0;933.0;2.83;0.93
All Providers Combined;MEDELLIN;2022-03;259312.0;79206.0;median;79206.0;11.0;66154.0;19246.0;66.15;19.25
All Providers Combined;ARAUCA;2022-03;1096.0;384.0;median;384.0;21.0;10874.0;4998.0;10.87;5.0
All Providers Combined;BARRANQUILLA;2022-03;66771.0;21059.0;median;21059.0;15.0;62341.0;21621.0;62.34;21.62
All Providers Combined;BOGOTA;2022-03;953680.0;282485.0;median;282485.0;8.0;87395.0;30238.0;87.4;30.24
All Providers Combined;CARTAGENA;2022-03;26383.0;7705.0;median;7705.0;12.0;70174.0;20175.0;70.17;20.18
All Providers Combined;TUNJA;2022-03;14524.0;4410.0;median;4410.0;15.0;53734.0;19568.0;53.73;19.57
All Providers Combined;MANIZALES;2022-03;32013.0;8534.0;median;8534.0;29.0;59104.0;13749.0;59.1;13.75
All Providers Combined;FLORENCIA;2022-03;4774.0;1235.0;median;1235.0;22.0;40681.0;22292.0;40.68;22.29
All Providers Combined;YOPAL;2022-03;6005.0;1882.0;median;1882.0;17.0;50063.0;18721.0;50.06;18.72
All Providers Combined;POPAYAN;2022-03;19755.0;5006.0;median;5006.0;20.0;48871.0;18826.0;48.87;18.83
All Providers Combined;VALLEDUPAR;2022-03;14643.0;4156.0;median;4156.0;27.0;65643.0;19423.0;65.64;19.42
All Providers Combined;QUIBDO;2022-03;537.0;128.0;median;128.0;38.0;6957.0;2801.0;6.96;2.8
All Providers Combined;MONTERIA;2022-03;13275.0;3751.0;median;3751.0;17.0;59270.0;19499.0;59.27;19.5
All Providers Combined;SAN JOSE DEL GUAVIARE;2022-03;756.0;205.0;median;205.0;15.0;8170.0;9509.0;8.17;9.51
All Providers Combined;NEIVA;2022-03;17857.0;5178.0;median;5178.0;21.0;47485.0;19591.0;47.49;19.59
All Providers Combined;RIOHACHA;2022-03;3533.0;1169.0;median;1169.0;34.0;53495.0;20078.0;53.5;20.08
All Providers Combined;SANTA MARTA;2022-03;14885.0;4648.0;median;4648.0;22.0;57623.0;19246.0;57.62;19.25
All Providers Combined;VILLAVICENCIO;2022-03;27536.0;7946.0;median;7946.0;14.0;66291.0;22044.0;66.29;22.04
All Providers Combined;PASTO;2022-03;15936.0;4461.0;median;4461.0;25.0;49389.0;19190.0;49.39;19.19
All Providers Combined;CUCUTA;2022-03;26910.0;8040.0;median;8040.0;23.0;54199.0;19767.0;54.2;19.77
All Providers Combined;MOCOA;2022-03;196.0;53.0;median;53.0;31.0;16042.0;13425.0;16.04;13.43
All Providers Combined;PEREIRA;2022-03;26797.0;7119.0;median;7119.0;23.0;56581.0;19517.0;56.58;19.52
All Providers Combined;SAN ANDRES;2022-03;652.0;100.0;median;100.0;7.0;9732.0;4843.0;9.73;4.84
All Providers Combined;BUCARAMANGA;2022-03;64299.0;20270.0;median;20270.0;26.0;64713.0;21509.0;64.71;21.51
All Providers Combined;SINCELEJO;2022-03;4342.0;1428.0;median;1428.0;16.0;52562.0;13551.0;52.56;13.55
All Providers Combined;IBAGUE;2022-03;29581.0;8263.0;median;8263.0;16.0;58232.0;25971.0;58.23;25.97
All Providers Combined;CALI;2022-03;150653.0;43035.0;median;43035.0;18.0;66282.0;22046.0;66.28;22.05
All Providers Combined;ARMENIA;2022-04;9673.0;2444.0;median;2444.0;22.0;70472.0;18067.0;70.47;18.07
All Providers Combined;LETICIA;2022-04;15.0;7.0;median;7.0;187.0;1078.0;696.0;1.08;0.7
All Providers Combined;MEDELLIN;2022-04;256977.0;80028.0;median;80028.0;11.0;70015.0;20421.0;70.02;20.42
All Providers Combined;ARAUCA;2022-04;834.0;337.0;median;337.0;17.0;10116.0;4840.0;10.12;4.84
All Providers Combined;BARRANQUILLA;2022-04;71466.0;21660.0;median;21660.0;18.0;61743.0;21902.0;61.74;21.9
All Providers Combined;BOGOTA;2022-04;942982.0;283307.0;median;283307.0;8.0;89360.0;31077.0;89.36;31.08
All Providers Combined;CARTAGENA;2022-04;23615.0;6822.0;median;6822.0;13.0;74982.0;21447.0;74.98;21.45
All Providers Combined;TUNJA;2022-04;14257.0;4440.0;median;4440.0;15.0;54962.0;21429.0;54.96;21.43
All Providers Combined;MANIZALES;2022-04;26910.0;7343.0;median;7343.0;29.0;70306.0;15131.0;70.31;15.13
All Providers Combined;FLORENCIA;2022-04;5222.0;1193.0;median;1193.0;22.0;21220.0;18182.0;21.22;18.18
All Providers Combined;YOPAL;2022-04;6582.0;1875.0;median;1875.0;18.0;53618.0;21496.0;53.62;21.5
All Providers Combined;POPAYAN;2022-04;20482.0;5328.0;median;5328.0;22.0;54685.0;18463.0;54.69;18.46
All Providers Combined;VALLEDUPAR;2022-04;15214.0;4162.0;median;4162.0;30.0;65673.0;21207.0;65.67;21.21
All Providers Combined;QUIBDO;2022-04;425.0;118.0;median;118.0;38.0;6754.0;2550.0;6.75;2.55
All Providers Combined;MONTERIA;2022-04;11247.0;3435.0;median;3435.0;17.0;54999.0;19522.0;55.0;19.52
All Providers Combined;INIRIDA;2022-04;4.0;1.0;median;1.0;9.0;44487.0;24607.0;44.49;24.61
All Providers Combined;SAN JOSE DEL GUAVIARE;2022-04;618.0;165.0;median;165.0;16.0;8842.0;9719.0;8.84;9.72
All Providers Combined;NEIVA;2022-04;19960.0;5290.0;median;5290.0;23.0;45581.0;18937.0;45.58;18.94
All Providers Combined;RIOHACHA;2022-04;3587.0;1127.0;median;1127.0;34.0;52510.0;21397.0;52.51;21.4
All Providers Combined;SANTA MARTA;2022-04;14062.0;4306.0;median;4306.0;21.0;56277.0;20514.0;56.28;20.51
All Providers Combined;VILLAVICENCIO;2022-04;27495.0;7995.0;median;7995.0;12.0;72210.0;25419.0;72.21;25.42
All Providers Combined;PASTO;2022-04;18579.0;4833.0;median;4833.0;25.0;52386.0;17708.0;52.39;17.71
All Providers Combined;CUCUTA;2022-04;27326.0;7870.0;median;7870.0;22.0;57039.0;21220.0;57.04;21.22
All Providers Combined;MOCOA;2022-04;258.0;61.0;median;61.0;30.0;20362.0;21009.0;20.36;21.01
All Providers Combined;PEREIRA;2022-04;25528.0;6843.0;median;6843.0;23.0;56369.0;19100.0;56.37;19.1
All Providers Combined;SAN ANDRES;2022-04;1353.0;278.0;median;278.0;91.0;9345.0;5979.0;9.35;5.98
All Providers Combined;BUCARAMANGA;2022-04;61279.0;18555.0;median;18555.0;29.0;66802.0;22090.0;66.8;22.09
All Providers Combined;SINCELEJO;2022-04;4836.0;1402.0;median;1402.0;16.0;54331.0;16546.0;54.33;16.55
All Providers Combined;IBAGUE;2022-04;31583.0;8378.0;median;8378.0;15.0;61825.0;29802.0;61.83;29.8
All Providers Combined;CALI;2022-04;148169.0;41789.0;median;41789.0;19.0;70590.0;21749.0;70.59;21.75
All Providers Combined;ARMENIA;2022-05;10029.0;2573.0;median;2573.0;22.0;74395.0;17450.0;74.4;17.45
All Providers Combined;LETICIA;2022-05;32.0;13.0;median;13.0;171.0;4946.0;932.0;4.95;0.93
All Providers Combined;MEDELLIN;2022-05;256030.0;77432.0;median;77432.0;11.0;74112.0;21840.0;74.11;21.84
All Providers Combined;ARAUCA;2022-05;702.0;284.0;median;284.0;21.0;9145.0;4677.0;9.15;4.68
All Providers Combined;BARRANQUILLA;2022-05;66709.0;19873.0;median;19873.0;15.0;68585.0;25876.0;68.59;25.88
All Providers Combined;BOGOTA;2022-05;851729.0;257615.0;median;257615.0;8.0;90930.0;32008.0;90.93;32.01
All Providers Combined;CARTAGENA;2022-05;23084.0;6410.0;median;6410.0;13.0;75815.0;23021.0;75.82;23.02
All Providers Combined;TUNJA;2022-05;13409.0;3904.0;median;3904.0;17.0;56194.0;22072.0;56.19;22.07
All Providers Combined;MANIZALES;2022-05;32040.0;7595.0;median;7595.0;30.0;65581.0;14344.0;65.58;14.34
All Providers Combined;FLORENCIA;2022-05;3219.0;949.0;median;949.0;23.0;18210.0;15965.0;18.21;15.97
All Providers Combined;YOPAL;2022-05;5883.0;1732.0;median;1732.0;18.0;55264.0;22046.0;55.26;22.05
All Providers Combined;POPAYAN;2022-05;22650.0;5483.0;median;5483.0;25.0;50846.0;17000.0;50.85;17.0
All Providers Combined;VALLEDUPAR;2022-05;13949.0;3853.0;median;3853.0;29.0;66092.0;21904.0;66.09;21.9
All Providers Combined;QUIBDO;2022-05;409.0;120.0;median;120.0;37.0;7145.0;1253.0;7.15;1.25
All Providers Combined;MONTERIA;2022-05;12642.0;3376.0;median;3376.0;18.0;63594.0;21336.0;63.59;21.34
All Providers Combined;SAN JOSE DEL GUAVIARE;2022-05;705.0;181.0;median;181.0;15.0;14042.0;15514.0;14.04;15.51
All Providers Combined;NEIVA;2022-05;27495.0;5987.0;median;5987.0;26.0;37782.0;17130.0;37.78;17.13
All Providers Combined;RIOHACHA;2022-05;2896.0;1030.0;median;1030.0;32.0;54398.0;23265.0;54.4;23.27
All Providers Combined;SANTA MARTA;2022-05;13063.0;3905.0;median;3905.0;21.0;55044.0;20966.0;55.04;20.97
All Providers Combined;VILLAVICENCIO;2022-05;26972.0;7477.0;median;7477.0;15.0;75014.0;29208.0;75.01;29.21
All Providers Combined;PASTO;2022-05;22330.0;4794.0;median;4794.0;27.0;45682.0;18323.0;45.68;18.32
All Providers Combined;CUCUTA;2022-05;25610.0;7169.0;median;7169.0;25.0;53853.0;21850.0;53.85;21.85
All Providers Combined;MOCOA;2022-05;283.0;71.0;median;71.0;25.0;24343.0;20176.0;24.34;20.18
All Providers Combined;PEREIRA;2022-05;25934.0;6791.0;median;6791.0;22.0;60206.0;19766.0;60.21;19.77
All Providers Combined;SAN ANDRES;2022-05;1456.0;261.0;median;261.0;79.0;9117.0;6928.0;9.12;6.93
All Providers Combined;BUCARAMANGA;2022-05;56137.0;17428.0;median;17428.0;25.0;76057.0;28640.0;76.06;28.64
All Providers Combined;SINCELEJO;2022-05;4598.0;1430.0;median;1430.0;16.0;51952.0;14674.0;51.95;14.67
All Providers Combined;IBAGUE;2022-05;29213.0;7763.0;median;7763.0;15.0;63097.0;31117.0;63.1;31.12
All Providers Combined;CALI;2022-05;154680.0;41511.0;median;41511.0;20.0;67456.0;20731.0;67.46;20.73
All Providers Combined;PUERTO CARRENO;2022-05;3.0;2.0;median;2.0;601.0;976.0;639.0;0.98;0.64
All Providers Combined;ARMENIA;2022-06;10557.0;2488.0;median;2488.0;22.0;80393.0;18236.0;80.39;18.24
All Providers Combined;LETICIA;2022-06;33.0;14.0;median;14.0;87.0;4499.0;775.0;4.5;0.78
All Providers Combined;MEDELLIN;2022-06;220385.0;69545.0;median;69545.0;11.0;76748.0;22365.0;76.75;22.37
All Providers Combined;ARAUCA;2022-06;906.0;328.0;median;328.0;13.0;10982.0;4825.0;10.98;4.83
All Providers Combined;BARRANQUILLA;2022-06;61536.0;18770.0;median;18770.0;15.0;80523.0;29097.0;80.52;29.1
All Providers Combined;BOGOTA;2022-06;772934.0;236580.0;median;236580.0;8.0;91887.0;32524.0;91.89;32.52
All Providers Combined;CARTAGENA;2022-06;21395.0;6327.0;median;6327.0;13.0;83007.0;25349.0;83.01;25.35
All Providers Combined;TUNJA;2022-06;12161.0;3513.0;median;3513.0;16.0;62828.0;23395.0;62.83;23.4
All Providers Combined;MANIZALES;2022-06;25960.0;7122.0;median;7122.0;26.0;76331.0;16241.0;76.33;16.24
All Providers Combined;FLORENCIA;2022-06;4288.0;1076.0;median;1076.0;20.0;20963.0;20868.0;20.96;20.87
All Providers Combined;YOPAL;2022-06;4656.0;1230.0;median;1230.0;17.0;50009.0;24402.0;50.01;24.4
All Providers Combined;POPAYAN;2022-06;16271.0;4555.0;median;4555.0;20.0;52177.0;22303.0;52.18;22.3
All Providers Combined;VALLEDUPAR;2022-06;13399.0;3851.0;median;3851.0;29.0;71097.0;24225.0;71.1;24.23
All Providers Combined;QUIBDO;2022-06;573.0;130.0;median;130.0;43.0;6229.0;2998.0;6.23;3.0
All Providers Combined;MONTERIA;2022-06;10627.0;3131.0;median;3131.0;17.0;59074.0;21944.0;59.07;21.94
All Providers Combined;SAN JOSE DEL GUAVIARE;2022-06;701.0;180.0;median;180.0;15.0;13146.0;10338.0;13.15;10.34
All Providers Combined;NEIVA;2022-06;16270.0;4691.0;median;4691.0;23.0;54781.0;26595.0;54.78;26.6
All Providers Combined;RIOHACHA;2022-06;2624.0;935.0;median;935.0;33.0;58246.0;25178.0;58.25;25.18
All Providers Combined;SANTA MARTA;2022-06;12495.0;3859.0;median;3859.0;20.0;59778.0;22243.0;59.78;22.24
All Providers Combined;VILLAVICENCIO;2022-06;25057.0;7171.0;median;7171.0;16.0;80272.0;30776.0;80.27;30.78
All Providers Combined;PASTO;2022-06;14359.0;4092.0;median;4092.0;23.0;55761.0;22859.0;55.76;22.86
All Providers Combined;CUCUTA;2022-06;22383.0;6769.0;median;6769.0;23.0;59672.0;25026.0;59.67;25.03
All Providers Combined;MOCOA;2022-06;262.0;74.0;median;74.0;23.0;22471.0;21289.0;22.47;21.29
All Providers Combined;PEREIRA;2022-06;23578.0;6154.0;median;6154.0;23.0;62611.0;22914.0;62.61;22.91
All Providers Combined;SAN ANDRES;2022-06;697.0;238.0;median;238.0;50.0;6826.0;6045.0;6.83;6.05
All Providers Combined;BUCARAMANGA;2022-06;46727.0;15354.0;median;15354.0;19.0;83527.0;30602.0;83.53;30.6
All Providers Combined;SINCELEJO;2022-06;4267.0;1257.0;median;1257.0;16.0;63058.0;18445.0;63.06;18.45
All Providers Combined;IBAGUE;2022-06;27030.0;7347.0;median;7347.0;14.0;66020.0;30730.0;66.02;30.73
All Providers Combined;CALI;2022-06;117744.0;35223.0;median;35223.0;18.0;75070.0;28867.0;75.07;28.87
All Providers Combined;MITU;2022-06;1.0;1.0;median;1.0;662.0;6469.0;797.0;6.47;0.8
All Providers Combined;PUERTO CARRENO;2022-06;5.0;3.0;median;3.0;139.0;5693.0;1784.0;5.69;1.78
All Providers Combined;ARMENIA;2022-07;8848.0;2483.0;median;2483.0;22.0;93833.0;19885.0;93.83;19.89
All Providers Combined;LETICIA;2022-07;39.0;6.0;median;6.0;67.0;2478.0;814.0;2.48;0.81
All Providers Combined;MEDELLIN;2022-07;209024.0;63345.0;median;63345.0;10.0;91314.0;24325.0;91.31;24.33
All Providers Combined;ARAUCA;2022-07;843.0;320.0;median;320.0;21.0;9739.0;4626.0;9.74;4.63
All Providers Combined;BARRANQUILLA;2022-07;58566.0;17449.0;median;17449.0;14.0;86985.0;29617.0;86.99;29.62
All Providers Combined;BOGOTA;2022-07;804514.0;242910.0;median;242910.0;8.0;93863.0;32776.0;93.86;32.78
All Providers Combined;CARTAGENA;2022-07;22627.0;6768.0;median;6768.0;13.0;87158.0;25991.0;87.16;25.99
All Providers Combined;TUNJA;2022-07;11467.0;3723.0;median;3723.0;15.0;65375.0;24916.0;65.38;24.92
All Providers Combined;MANIZALES;2022-07;24099.0;6838.0;median;6838.0;25.0;84534.0;17181.0;84.53;17.18
All Providers Combined;FLORENCIA;2022-07;4021.0;1038.0;median;1038.0;21.0;20156.0;20816.0;20.16;20.82
All Providers Combined;YOPAL;2022-07;3218.0;825.0;median;825.0;15.0;51769.0;25507.0;51.77;25.51
All Providers Combined;POPAYAN;2022-07;17464.0;4639.0;median;4639.0;20.0;59927.0;22220.0;59.93;22.22
All Providers Combined;VALLEDUPAR;2022-07;13086.0;4057.0;median;4057.0;30.0;68602.0;24786.0;68.6;24.79
All Providers Combined;QUIBDO;2022-07;511.0;107.0;median;107.0;46.0;5929.0;908.0;5.93;0.91
All Providers Combined;MONTERIA;2022-07;11405.0;3261.0;median;3261.0;17.0;63757.0;23484.0;63.76;23.48
All Providers Combined;INIRIDA;2022-07;1.0;1.0;median;1.0;12.0;9732.0;3706.0;9.73;3.71
All Providers Combined;SAN JOSE DEL GUAVIARE;2022-07;905.0;211.0;median;211.0;17.0;9183.0;13131.0;9.18;13.13
All Providers Combined;NEIVA;2022-07;17007.0;4921.0;median;4921.0;27.0;58633.0;26783.0;58.63;26.78
All Providers Combined;RIOHACHA;2022-07;2699.0;934.0;median;934.0;33.0;56085.0;26871.0;56.09;26.87
All Providers Combined;SANTA MARTA;2022-07;12631.0;3925.0;median;3925.0;20.0;64195.0;23514.0;64.2;23.51
All Providers Combined;VILLAVICENCIO;2022-07;25997.0;7511.0;median;7511.0;13.0;85554.0;31119.0;85.55;31.12
All Providers Combined;PASTO;2022-07;13775.0;4077.0;median;4077.0;25.0;58639.0;22099.0;58.64;22.1
All Providers Combined;CUCUTA;2022-07;24368.0;7511.0;median;7511.0;22.0;64984.0;26882.0;64.98;26.88
All Providers Combined;MOCOA;2022-07;387.0;82.0;median;82.0;25.0;20944.0;16497.0;20.94;16.5
All Providers Combined;PEREIRA;2022-07;24990.0;6421.0;median;6421.0;22.0;63455.0;23266.0;63.46;23.27
All Providers Combined;SAN ANDRES;2022-07;800.0;229.0;median;229.0;42.0;11985.0;8575.0;11.99;8.58
All Providers Combined;BUCARAMANGA;2022-07;48808.0;16141.0;median;16141.0;17.0;86465.0;31300.0;86.47;31.3
All Providers Combined;SINCELEJO;2022-07;4349.0;1329.0;median;1329.0;16.0;63441.0;18534.0;63.44;18.53
All Providers Combined;IBAGUE;2022-07;26254.0;6886.0;median;6886.0;13.0;78176.0;31085.0;78.18;31.09
All Providers Combined;CALI;2022-07;121377.0;36476.0;median;36476.0;18.0;77511.0;28336.0;77.51;28.34
All Providers Combined;PUERTO CARRENO;2022-07;3.0;1.0;median;1.0;118.0;2182.0;865.0;2.18;0.87
All Providers Combined;ARMENIA;2022-08;10498.0;2840.0;median;2840.0;24.0;94479.0;19589.0;94.48;19.59
All Providers Combined;LETICIA;2022-08;20.0;11.0;median;11.0;176.0;1275.0;762.0;1.28;0.76
All Providers Combined;MEDELLIN;2022-08;211139.0;64171.0;median;64171.0;10.0;93676.0;26904.0;93.68;26.9
All Providers Combined;ARAUCA;2022-08;1070.0;336.0;median;336.0;15.0;9934.0;4749.0;9.93;4.75
All Providers Combined;BARRANQUILLA;2022-08;60797.0;18091.0;median;18091.0;12.0;86963.0;31523.0;86.96;31.52
All Providers Combined;BOGOTA;2022-08;847070.0;246780.0;median;246780.0;8.0;93957.0;33187.0;93.96;33.19
All Providers Combined;CARTAGENA;2022-08;23355.0;6662.0;median;6662.0;11.0;92895.0;28360.0;92.9;28.36
All Providers Combined;TUNJA;2022-08;12425.0;3719.0;median;3719.0;16.0;66177.0;28441.0;66.18;28.44
All Providers Combined;MANIZALES;2022-08;27924.0;7573.0;median;7573.0;30.0;89048.0;18860.0;89.05;18.86
All Providers Combined;FLORENCIA;2022-08;3259.0;852.0;median;852.0;19.0;22386.0;23228.0;22.39;23.23
All Providers Combined;YOPAL;2022-08;9123.0;3355.0;median;3355.0;10.0;94466.0;32506.0;94.47;32.51
All Providers Combined;POPAYAN;2022-08;15830.0;4496.0;median;4496.0;20.0;57262.0;23987.0;57.26;23.99
All Providers Combined;VALLEDUPAR;2022-08;13345.0;4039.0;median;4039.0;27.0;72279.0;25964.0;72.28;25.96
All Providers Combined;QUIBDO;2022-08;605.0;124.0;median;124.0;45.0;6161.0;1058.0;6.16;1.06
All Providers Combined;MONTERIA;2022-08;10679.0;3292.0;median;3292.0;16.0;65772.0;23522.0;65.77;23.52
All Providers Combined;INIRIDA;2022-08;30.0;7.0;median;7.0;661.0;1104.0;591.0;1.1;0.59
All Providers Combined;SAN JOSE DEL GUAVIARE;2022-08;572.0;142.0;median;142.0;13.0;13593.0;15307.0;13.59;15.31
All Providers Combined;NEIVA;2022-08;21501.0;5048.0;median;5048.0;26.0;50054.0;28224.0;50.05;28.22
All Providers Combined;RIOHACHA;2022-08;2686.0;972.0;median;972.0;34.0;52232.0;28101.0;52.23;28.1
All Providers Combined;SANTA MARTA;2022-08;12956.0;3932.0;median;3932.0;17.0;60466.0;25809.0;60.47;25.81
All Providers Combined;VILLAVICENCIO;2022-08;26804.0;7469.0;median;7469.0;11.0;91239.0;32505.0;91.24;32.51
All Providers Combined;PASTO;2022-08;15038.0;4405.0;median;4405.0;24.0;56969.0;23401.0;56.97;23.4
All Providers Combined;CUCUTA;2022-08;25417.0;7553.0;median;7553.0;21.0;71463.0;28783.0;71.46;28.78
All Providers Combined;MOCOA;2022-08;327.0;45.0;median;45.0;34.0;20380.0;14477.0;20.38;14.48
All Providers Combined;PEREIRA;2022-08;25090.0;6954.0;median;6954.0;22.0;70392.0;23804.0;70.39;23.8
All Providers Combined;SAN ANDRES;2022-08;1593.0;309.0;median;309.0;31.0;15816.0;13447.0;15.82;13.45
All Providers Combined;BUCARAMANGA;2022-08;54617.0;17310.0;median;17310.0;18.0;87480.0;31961.0;87.48;31.96
All Providers Combined;SINCELEJO;2022-08;4540.0;1330.0;median;1330.0;15.0;74495.0;19525.0;74.5;19.53
All Providers Combined;IBAGUE;2022-08;23604.0;6339.0;median;6339.0;13.0;77944.0;32906.0;77.94;32.91
All Providers Combined;CALI;2022-08;129231.0;38655.0;median;38655.0;18.0;77477.0;29369.0;77.48;29.37
All Providers Combined;PUERTO CARRENO;2022-08;5.0;2.0;median;2.0;153.0;2668.0;460.0;2.67;0.46
All Providers Combined;ARMENIA;2022-09;10241.0;2847.0;median;2847.0;25.0;105873.0;25618.0;105.87;25.62
All Providers Combined;LETICIA;2022-09;15.0;7.0;median;7.0;263.0;1382.0;644.0;1.38;0.64
All Providers Combined;MEDELLIN;2022-09;192571.0;59141.0;median;59141.0;10.0;94480.0;28363.0;94.48;28.36
All Providers Combined;ARAUCA;2022-09;842.0;319.0;median;319.0;20.0;11030.0;4821.0;11.03;4.82
All Providers Combined;BARRANQUILLA;2022-09;58107.0;17648.0;median;17648.0;9.0;86801.0;32492.0;86.8;32.49
All Providers Combined;BOGOTA;2022-09;801746.0;232956.0;median;232956.0;8.0;94382.0;38066.0;94.38;38.07
All Providers Combined;CARTAGENA;2022-09;24542.0;6267.0;median;6267.0;9.0;93967.0;29859.0;93.97;29.86
All Providers Combined;TUNJA;2022-09;10819.0;3347.0;median;3347.0;14.0;64014.0;28108.0;64.01;28.11
All Providers Combined;MANIZALES;2022-09;25754.0;6787.0;median;6787.0;29.0;84410.0;19452.0;84.41;19.45
All Providers Combined;FLORENCIA;2022-09;3445.0;876.0;median;876.0;20.0;26913.0;25760.0;26.91;25.76
All Providers Combined;YOPAL;2022-09;3641.0;868.0;median;868.0;14.0;46794.0;27332.0;46.79;27.33
All Providers Combined;POPAYAN;2022-09;14787.0;4079.0;median;4079.0;19.0;60594.0;28530.0;60.59;28.53
All Providers Combined;VALLEDUPAR;2022-09;11923.0;3488.0;median;3488.0;24.0;75623.0;27824.0;75.62;27.82
All Providers Combined;QUIBDO;2022-09;503.0;96.0;median;96.0;43.0;6686.0;2490.0;6.69;2.49
All Providers Combined;MONTERIA;2022-09;9260.0;2891.0;median;2891.0;15.0;58334.0;24145.0;58.33;24.15
All Providers Combined;INIRIDA;2022-09;36.0;11.0;median;11.0;653.0;829.0;482.0;0.83;0.48
All Providers Combined;SAN JOSE DEL GUAVIARE;2022-09;439.0;129.0;median;129.0;14.0;14332.0;18756.0;14.33;18.76
All Providers Combined;NEIVA;2022-09;17469.0;4334.0;median;4334.0;20.0;66263.0;30264.0;66.26;30.26
All Providers Combined;RIOHACHA;2022-09;3121.0;825.0;median;825.0;32.0;55863.0;29656.0;55.86;29.66
All Providers Combined;SANTA MARTA;2022-09;13079.0;3764.0;median;3764.0;14.0;67686.0;28335.0;67.69;28.34
All Providers Combined;VILLAVICENCIO;2022-09;25004.0;6965.0;median;6965.0;11.0;89827.0;32873.0;89.83;32.87
All Providers Combined;PASTO;2022-09;11486.0;3550.0;median;3550.0;23.0;58774.0;26986.0;58.77;26.99
All Providers Combined;CUCUTA;2022-09;23212.0;6784.0;median;6784.0;21.0;66347.0;28953.0;66.35;28.95
All Providers Combined;MOCOA;2022-09;231.0;45.0;median;45.0;21.0;24327.0;23327.0;24.33;23.33
All Providers Combined;PEREIRA;2022-09;23368.0;6416.0;median;6416.0;21.0;66595.0;25362.0;66.6;25.36
All Providers Combined;SAN ANDRES;2022-09;1374.0;262.0;median;262.0;25.0;22942.0;19466.0;22.94;19.47
All Providers Combined;BUCARAMANGA;2022-09;52060.0;16160.0;median;16160.0;17.0;92434.0;32976.0;92.43;32.98
All Providers Combined;SINCELEJO;2022-09;4443.0;1244.0;median;1244.0;14.0;76989.0;23380.0;76.99;23.38
All Providers Combined;IBAGUE;2022-09;23926.0;6163.0;median;6163.0;12.0;78088.0;33245.0;78.09;33.25
All Providers Combined;CALI;2022-09;124315.0;36932.0;median;36932.0;19.0;79809.0;31291.0;79.81;31.29
All Providers Combined;ARMENIA;2022-10;12092.0;3192.0;median;3192.0;26.0;94767.0;24733.0;94.77;24.73
All Providers Combined;LETICIA;2022-10;32.0;9.0;median;9.0;161.0;5026.0;857.0;5.03;0.86
All Providers Combined;MEDELLIN;2022-10;205328.0;63783.0;median;63783.0;10.0;94582.0;28479.0;94.58;28.48
All Providers Combined;ARAUCA;2022-10;873.0;298.0;median;298.0;18.0;11214.0;4905.0;11.21;4.91
All Providers Combined;BARRANQUILLA;2022-10;60246.0;18183.0;median;18183.0;9.0;92351.0;33228.0;92.35;33.23
All Providers Combined;BOGOTA;2022-10;741965.0;224563.0;median;224563.0;8.0;94514.0;38819.0;94.51;38.82
All Providers Combined;CARTAGENA;2022-10;25426.0;6435.0;median;6435.0;9.0;93925.0;30880.0;93.93;30.88
All Providers Combined;TUNJA;2022-10;11647.0;3404.0;median;3404.0;14.0;61859.0;29323.0;61.86;29.32
All Providers Combined;MANIZALES;2022-10;26400.0;6981.0;median;6981.0;28.0;87779.0;19926.0;87.78;19.93
All Providers Combined;FLORENCIA;2022-10;3571.0;961.0;median;961.0;22.0;35751.0;29411.0;35.75;29.41
All Providers Combined;YOPAL;2022-10;3052.0;795.0;median;795.0;14.0;49775.0;26804.0;49.78;26.8
All Providers Combined;POPAYAN;2022-10;15799.0;4595.0;median;4595.0;19.0;57212.0;28403.0;57.21;28.4
All Providers Combined;VALLEDUPAR;2022-10;12107.0;3592.0;median;3592.0;24.0;75343.0;28305.0;75.34;28.31
All Providers Combined;QUIBDO;2022-10;563.0;103.0;median;103.0;38.0;6464.0;6626.0;6.46;6.63
All Providers Combined;MONTERIA;2022-10;8949.0;2765.0;median;2765.0;15.0;60272.0;24603.0;60.27;24.6
All Providers Combined;INIRIDA;2022-10;27.0;12.0;median;12.0;609.0;1296.0;434.0;1.3;0.43
All Providers Combined;SAN JOSE DEL GUAVIARE;2022-10;607.0;159.0;median;159.0;15.0;13437.0;18022.0;13.44;18.02
All Providers Combined;NEIVA;2022-10;16929.0;4431.0;median;4431.0;20.0;51639.0;29038.0;51.64;29.04
All Providers Combined;RIOHACHA;2022-10;2723.0;906.0;median;906.0;33.0;60616.0;29753.0;60.62;29.75
All Providers Combined;SANTA MARTA;2022-10;13591.0;4070.0;median;4070.0;15.0;65032.0;29002.0;65.03;29.0
All Providers Combined;VILLAVICENCIO;2022-10;23789.0;6844.0;median;6844.0;10.0;91792.0;33096.0;91.79;33.1
All Providers Combined;PASTO;2022-10;11936.0;3595.0;median;3595.0;22.0;59735.0;27119.0;59.74;27.12
All Providers Combined;CUCUTA;2022-10;22809.0;6848.0;median;6848.0;20.0;70196.0;29686.0;70.2;29.69
All Providers Combined;MOCOA;2022-10;206.0;52.0;median;52.0;25.0;30031.0;34152.0;30.03;34.15
All Providers Combined;PEREIRA;2022-10;22865.0;6338.0;median;6338.0;21.0;76545.0;28119.0;76.55;28.12
All Providers Combined;SAN ANDRES;2022-10;1670.0;310.0;median;310.0;20.0;54450.0;42323.0;54.45;42.32
All Providers Combined;BUCARAMANGA;2022-10;52658.0;16886.0;median;16886.0;17.0;93192.0;33512.0;93.19;33.51
All Providers Combined;SINCELEJO;2022-10;3914.0;1233.0;median;1233.0;15.0;66392.0;23519.0;66.39;23.52
All Providers Combined;IBAGUE;2022-10;23224.0;6517.0;median;6517.0;12.0;79204.0;34676.0;79.2;34.68
All Providers Combined;CALI;2022-10;128426.0;39079.0;median;39079.0;18.0;79678.0;31527.0;79.68;31.53
All Providers Combined;ARMENIA;2022-11;9670.0;2850.0;median;2850.0;23.0;123751.0;27953.0;123.75;27.95
All Providers Combined;LETICIA;2022-11;410.0;40.0;median;40.0;169.0;9325.0;5940.0;9.33;5.94
All Providers Combined;MEDELLIN;2022-11;181498.0;57259.0;median;57259.0;10.0;94725.0;28460.0;94.73;28.46
All Providers Combined;ARAUCA;2022-11;586.0;234.0;median;234.0;15.0;11884.0;4892.0;11.88;4.89
All Providers Combined;BARRANQUILLA;2022-11;57791.0;17955.0;median;17955.0;9.0;88867.0;32702.0;88.87;32.7
All Providers Combined;BOGOTA;2022-11;728715.0;226872.0;median;226872.0;8.0;95088.0;39374.0;95.09;39.37
All Providers Combined;CARTAGENA;2022-11;22527.0;6303.0;median;6303.0;8.0;97703.0;34604.0;97.7;34.6
All Providers Combined;TUNJA;2022-11;10349.0;3289.0;median;3289.0;15.0;63973.0;27412.0;63.97;27.41
All Providers Combined;MANIZALES;2022-11;20718.0;6165.0;median;6165.0;27.0;92294.0;19962.0;92.29;19.96
All Providers Combined;FLORENCIA;2022-11;3104.0;778.0;median;778.0;21.0;42876.0;32741.0;42.88;32.74
All Providers Combined;YOPAL;2022-11;2810.0;684.0;median;684.0;14.0;59625.0;28832.0;59.63;28.83
All Providers Combined;POPAYAN;2022-11;15478.0;4514.0;median;4514.0;20.0;61438.0;28431.0;61.44;28.43
All Providers Combined;VALLEDUPAR;2022-11;10765.0;3438.0;median;3438.0;23.0;81918.0;28387.0;81.92;28.39
All Providers Combined;QUIBDO;2022-11;480.0;110.0;median;110.0;33.0;8010.0;4313.0;8.01;4.31
All Providers Combined;MONTERIA;2022-11;9124.0;2828.0;median;2828.0;15.0;66199.0;25225.0;66.2;25.23
All Providers Combined;INIRIDA;2022-11;31.0;12.0;median;12.0;89.0;13713.0;9234.0;13.71;9.23
All Providers Combined;SAN JOSE DEL GUAVIARE;2022-11;525.0;137.0;median;137.0;17.0;10759.0;14480.0;10.76;14.48
All Providers Combined;NEIVA;2022-11;15331.0;4337.0;median;4337.0;20.0;62030.0;30586.0;62.03;30.59
All Providers Combined;RIOHACHA;2022-11;2383.0;835.0;median;835.0;32.0;65066.0;29228.0;65.07;29.23
All Providers Combined;SANTA MARTA;2022-11;13393.0;4099.0;median;4099.0;14.0;81392.0;28992.0;81.39;28.99
All Providers Combined;VILLAVICENCIO;2022-11;24397.0;6951.0;median;6951.0;11.0;90750.0;33135.0;90.75;33.14
All Providers Combined;PASTO;2022-11;13469.0;3923.0;median;3923.0;23.0;63998.0;29301.0;64.0;29.3
All Providers Combined;CUCUTA;2022-11;21459.0;6539.0;median;6539.0;22.0;66271.0;29171.0;66.27;29.17
All Providers Combined;MOCOA;2022-11;383.0;74.0;median;74.0;22.0;35076.0;34979.0;35.08;34.98
All Providers Combined;PEREIRA;2022-11;19967.0;5952.0;median;5952.0;21.0;76985.0;27970.0;76.99;27.97
All Providers Combined;SAN ANDRES;2022-11;2274.0;349.0;median;349.0;20.0;76647.0;71585.0;76.65;71.59
All Providers Combined;BUCARAMANGA;2022-11;47756.0;15601.0;median;15601.0;17.0;94159.0;34575.0;94.16;34.58
All Providers Combined;SINCELEJO;2022-11;3682.0;1251.0;median;1251.0;15.0;81134.0;22342.0;81.13;22.34
All Providers Combined;IBAGUE;2022-11;22485.0;6498.0;median;6498.0;12.0;88890.0;38273.0;88.89;38.27
All Providers Combined;CALI;2022-11;117731.0;35819.0;median;35819.0;19.0;84262.0;32262.0;84.26;32.26
All Providers Combined;PUERTO CARRENO;2022-11;4.0;1.0;median;1.0;54.0;272757.0;21199.0;272.76;21.2
All Providers Combined;ARMENIA;2022-12;8769.0;2552.0;median;2552.0;23.0;131711.0;32577.0;131.71;32.58
All Providers Combined;LETICIA;2022-12;1052.0;92.0;median;92.0;190.0;23957.0;3989.0;23.96;3.99
All Providers Combined;MEDELLIN;2022-12;144813.0;46949.0;median;46949.0;10.0;95152.0;28331.0;95.15;28.33
All Providers Combined;ARAUCA;2022-12;858.0;319.0;median;319.0;12.0;12798.0;4820.0;12.8;4.82
All Providers Combined;BARRANQUILLA;2022-12;55277.0;17236.0;median;17236.0;9.0;92253.0;32676.0;92.25;32.68
All Providers Combined;BOGOTA;2022-12;620130.0;194153.0;median;194153.0;7.0;98960.0;41799.0;98.96;41.8
All Providers Combined;CARTAGENA;2022-12;21440.0;6221.0;median;6221.0;8.0;101470.0;38942.0;101.47;38.94
All Providers Combined;TUNJA;2022-12;8634.0;2975.0;median;2975.0;14.0;57952.0;25009.0;57.95;25.01
All Providers Combined;MANIZALES;2022-12;16649.0;5400.0;median;5400.0;27.0;90740.0;19509.0;90.74;19.51
All Providers Combined;FLORENCIA;2022-12;2731.0;781.0;median;781.0;20.0;37570.0;32637.0;37.57;32.64
All Providers Combined;YOPAL;2022-12;2567.0;627.0;median;627.0;15.0;48506.0;27487.0;48.51;27.49
All Providers Combined;POPAYAN;2022-12;11605.0;3700.0;median;3700.0;19.0;62404.0;28579.0;62.4;28.58
All Providers Combined;VALLEDUPAR;2022-12;10385.0;3319.0;median;3319.0;22.0;79188.0;27625.0;79.19;27.63
All Providers Combined;QUIBDO;2022-12;405.0;88.0;median;88.0;41.0;6007.0;1425.0;6.01;1.43
All Providers Combined;MONTERIA;2022-12;8167.0;2577.0;median;2577.0;15.0;67155.0;25249.0;67.16;25.25
All Providers Combined;INIRIDA;2022-12;230.0;10.0;median;10.0;75.0;5922.0;2446.0;5.92;2.45
All Providers Combined;SAN JOSE DEL GUAVIARE;2022-12;440.0;151.0;median;151.0;15.0;12695.0;10700.0;12.7;10.7
All Providers Combined;NEIVA;2022-12;12736.0;3723.0;median;3723.0;18.0;64168.0;31313.0;64.17;31.31
All Providers Combined;RIOHACHA;2022-12;2127.0;795.0;median;795.0;33.0;64696.0;28633.0;64.7;28.63
All Providers Combined;SANTA MARTA;2022-12;12660.0;3791.0;median;3791.0;14.0;85919.0;29279.0;85.92;29.28
All Providers Combined;VILLAVICENCIO;2022-12;23140.0;6700.0;median;6700.0;11.0;94291.0;33688.0;94.29;33.69
All Providers Combined;PASTO;2022-12;11244.0;3613.0;median;3613.0;22.0;61558.0;28995.0;61.56;29.0
All Providers Combined;CUCUTA;2022-12;21389.0;6303.0;median;6303.0;23.0;65109.0;29306.0;65.11;29.31
All Providers Combined;MOCOA;2022-12;287.0;59.0;median;59.0;21.0;31801.0;33291.0;31.8;33.29
All Providers Combined;PEREIRA;2022-12;17878.0;5354.0;median;5354.0;21.0;82705.0;29084.0;82.71;29.08
All Providers Combined;SAN ANDRES;2022-12;1533.0;315.0;median;315.0;20.0;69751.0;47564.0;69.75;47.56
All Providers Combined;BUCARAMANGA;2022-12;42864.0;14277.0;median;14277.0;16.0;94748.0;36894.0;94.75;36.89
All Providers Combined;SINCELEJO;2022-12;3250.0;1019.0;median;1019.0;14.0;82614.0;22519.0;82.61;22.52
All Providers Combined;IBAGUE;2022-12;20103.0;6213.0;median;6213.0;12.0;88599.0;38800.0;88.6;38.8
All Providers Combined;CALI;2022-12;102950.0;32093.0;median;32093.0;19.0;86394.0;32430.0;86.39;32.43
All Providers Combined;PUERTO CARRENO;2022-12;37.0;2.0;median;2.0;128.0;58123.0;10705.0;58.12;10.71
All Providers Combined;ARMENIA;2023-01;9622.0;2783.0;median;2783.0;22.0;124503.0;32178.0;124.5;32.18
All Providers Combined;LETICIA;2023-01;815.0;106.0;median;106.0;200.0;33710.0;5995.0;33.71;6.0
All Providers Combined;MEDELLIN;2023-01;168102.0;54258.0;median;54258.0;10.0;94767.0;28099.0;94.77;28.1
All Providers Combined;ARAUCA;2023-01;889.0;310.0;median;310.0;8.0;12565.0;4874.0;12.57;4.87
All Providers Combined;BARRANQUILLA;2023-01;66725.0;20096.0;median;20096.0;10.0;88427.0;32986.0;88.43;32.99
All Providers Combined;BOGOTA;2023-01;716949.0;220446.0;median;220446.0;7.0;99149.0;41812.0;99.15;41.81
All Providers Combined;CARTAGENA;2023-01;21544.0;6251.0;median;6251.0;8.0;110005.0;39275.0;110.01;39.28
All Providers Combined;TUNJA;2023-01;10369.0;3326.0;median;3326.0;14.0;55750.0;23759.0;55.75;23.76
All Providers Combined;MANIZALES;2023-01;19448.0;5876.0;median;5876.0;27.0;91883.0;19202.0;91.88;19.2
All Providers Combined;FLORENCIA;2023-01;4227.0;906.0;median;906.0;22.0;29429.0;33083.0;29.43;33.08
All Providers Combined;YOPAL;2023-01;3065.0;723.0;median;723.0;14.0;42160.0;25231.0;42.16;25.23
All Providers Combined;POPAYAN;2023-01;13046.0;4092.0;median;4092.0;19.0;62501.0;28640.0;62.5;28.64
All Providers Combined;VALLEDUPAR;2023-01;11790.0;3602.0;median;3602.0;22.0;83933.0;28086.0;83.93;28.09
All Providers Combined;QUIBDO;2023-01;669.0;108.0;median;108.0;38.0;8195.0;2269.0;8.2;2.27
All Providers Combined;MONTERIA;2023-01;8558.0;2745.0;median;2745.0;15.0;64642.0;25231.0;64.64;25.23
All Providers Combined;INIRIDA;2023-01;218.0;18.0;median;18.0;44.0;83320.0;22146.0;83.32;22.15
All Providers Combined;SAN JOSE DEL GUAVIARE;2023-01;644.0;150.0;median;150.0;12.0;16938.0;16007.0;16.94;16.01
All Providers Combined;NEIVA;2023-01;13720.0;3801.0;median;3801.0;19.0;62853.0;30641.0;62.85;30.64
All Providers Combined;RIOHACHA;2023-01;2506.0;849.0;median;849.0;33.0;73308.0;28416.0;73.31;28.42
All Providers Combined;SANTA MARTA;2023-01;13484.0;4110.0;median;4110.0;14.0;77479.0;28435.0;77.48;28.44
All Providers Combined;VILLAVICENCIO;2023-01;24515.0;7103.0;median;7103.0;10.0;98643.0;35721.0;98.64;35.72
All Providers Combined;PASTO;2023-01;12991.0;4059.0;median;4059.0;22.0;58219.0;28915.0;58.22;28.92
All Providers Combined;CUCUTA;2023-01;22339.0;6872.0;median;6872.0;25.0;71633.0;28525.0;71.63;28.53
All Providers Combined;MOCOA;2023-01;236.0;63.0;median;63.0;25.0;28815.0;34540.0;28.82;34.54
All Providers Combined;PEREIRA;2023-01;21685.0;6329.0;median;6329.0;21.0;81682.0;27862.0;81.68;27.86
All Providers Combined;SAN ANDRES;2023-01;2057.0;355.0;median;355.0;24.0;39832.0;33456.0;39.83;33.46
All Providers Combined;BUCARAMANGA;2023-01;46788.0;14810.0;median;14810.0;17.0;94648.0;34752.0;94.65;34.75
All Providers Combined;SINCELEJO;2023-01;3666.0;1165.0;median;1165.0;15.0;73225.0;22812.0;73.23;22.81
All Providers Combined;IBAGUE;2023-01;21839.0;6227.0;median;6227.0;11.0;90873.0;38775.0;90.87;38.78
All Providers Combined;CALI;2023-01;114988.0;35082.0;median;35082.0;18.0;87734.0;32558.0;87.73;32.56
All Providers Combined;MITU;2023-01;1.0;1.0;median;1.0;147.0;258552.0;24052.0;258.55;24.05
All Providers Combined;PUERTO CARRENO;2023-01;7.0;3.0;median;3.0;102.0;2312.0;2292.0;2.31;2.29
All Providers Combined;ARMENIA;2023-02;9781.0;2807.0;median;2807.0;20.0;123348.0;30950.0;123.35;30.95
All Providers Combined;LETICIA;2023-02;894.0;110.0;median;110.0;210.0;12956.0;4613.0;12.96;4.61
All Providers Combined;MEDELLIN;2023-02;186545.0;60273.0;median;60273.0;10.0;97617.0;28630.0;97.62;28.63
All Providers Combined;ARAUCA;2023-02;915.0;341.0;median;341.0;6.0;14595.0;5040.0;14.6;5.04
All Providers Combined;BARRANQUILLA;2023-02;62618.0;19313.0;median;19313.0;9.0;93776.0;36255.0;93.78;36.26
All Providers Combined;BOGOTA;2023-02;789359.0;240190.0;median;240190.0;7.0;103242.0;43753.0;103.24;43.75
All Providers Combined;CARTAGENA;2023-02;21483.0;6191.0;median;6191.0;8.0;99761.0;39928.0;99.76;39.93
All Providers Combined;TUNJA;2023-02;11697.0;3650.0;median;3650.0;15.0;66255.0;27449.0;66.26;27.45
All Providers Combined;MANIZALES;2023-02;21248.0;6446.0;median;6446.0;28.0;91825.0;19133.0;91.83;19.13
All Providers Combined;FLORENCIA;2023-02;2145.0;589.0;median;589.0;24.0;43130.0;31571.0;43.13;31.57
All Providers Combined;YOPAL;2023-02;3053.0;836.0;median;836.0;14.0;47243.0;26588.0;47.24;26.59
All Providers Combined;POPAYAN;2023-02;13662.0;4226.0;median;4226.0;19.0;66001.0;28587.0;66.0;28.59
All Providers Combined;VALLEDUPAR;2023-02;10490.0;3474.0;median;3474.0;22.0;84276.0;28446.0;84.28;28.45
All Providers Combined;QUIBDO;2023-02;679.0;109.0;median;109.0;36.0;7194.0;3060.0;7.19;3.06
All Providers Combined;MONTERIA;2023-02;9578.0;2977.0;median;2977.0;15.0;66637.0;26548.0;66.64;26.55
All Providers Combined;INIRIDA;2023-02;220.0;17.0;median;17.0;74.0;47591.0;13024.0;47.59;13.02
All Providers Combined;SAN JOSE DEL GUAVIARE;2023-02;528.0;142.0;median;142.0;15.0;10116.0;13731.0;10.12;13.73
All Providers Combined;NEIVA;2023-02;13484.0;3939.0;median;3939.0;18.0;69687.0;31549.0;69.69;31.55
All Providers Combined;RIOHACHA;2023-02;2614.0;904.0;median;904.0;33.0;66166.0;28411.0;66.17;28.41
All Providers Combined;SANTA MARTA;2023-02;13292.0;4193.0;median;4193.0;15.0;73360.0;28958.0;73.36;28.96
All Providers Combined;VILLAVICENCIO;2023-02;26654.0;7394.0;median;7394.0;10.0;103306.0;37409.0;103.31;37.41
All Providers Combined;PASTO;2023-02;13568.0;4302.0;median;4302.0;21.0;64179.0;29765.0;64.18;29.77
All Providers Combined;CUCUTA;2023-02;22136.0;6887.0;median;6887.0;24.0;76477.0;29573.0;76.48;29.57
All Providers Combined;MOCOA;2023-02;245.0;63.0;median;63.0;22.0;30525.0;24675.0;30.53;24.68
All Providers Combined;PEREIRA;2023-02;22598.0;6783.0;median;6783.0;19.0;82857.0;28669.0;82.86;28.67
All Providers Combined;SAN ANDRES;2023-02;1081.0;292.0;median;292.0;22.0;39365.0;34544.0;39.37;34.54
All Providers Combined;BUCARAMANGA;2023-02;44646.0;14303.0;median;14303.0;17.0;91393.0;32845.0;91.39;32.85
All Providers Combined;SINCELEJO;2023-02;3311.0;1076.0;median;1076.0;15.0;75431.0;23472.0;75.43;23.47
All Providers Combined;IBAGUE;2023-02;21368.0;6370.0;median;6370.0;11.0;93212.0;42081.0;93.21;42.08
All Providers Combined;CALI;2023-02;119777.0;36264.0;median;36264.0;18.0;90348.0;33148.0;90.35;33.15
All Providers Combined;MITU;2023-02;41.0;4.0;median;4.0;38.0;69251.0;23978.0;69.25;23.98
All Providers Combined;PUERTO CARRENO;2023-02;69.0;13.0;median;13.0;84.0;17914.0;11750.0;17.91;11.75
All Providers Combined;ARMENIA;2023-03;10166.0;3097.0;median;3097.0;18.0;126490.0;33826.0;126.49;33.83
All Providers Combined;LETICIA;2023-03;662.0;116.0;median;116.0;192.0;6789.0;3965.0;6.79;3.97
All Providers Combined;MEDELLIN;2023-03;196559.0;62868.0;median;62868.0;10.0;100156.0;31075.0;100.16;31.08
All Providers Combined;ARAUCA;2023-03;1014.0;373.0;median;373.0;7.0;17452.0;5188.0;17.45;5.19
All Providers Combined;BARRANQUILLA;2023-03;71359.0;21931.0;median;21931.0;9.0;92038.0;33209.0;92.04;33.21
All Providers Combined;BOGOTA;2023-03;790230.0;241647.0;median;241647.0;7.0;103398.0;43922.0;103.4;43.92
All Providers Combined;CARTAGENA;2023-03;25424.0;7166.0;median;7166.0;8.0;107025.0;37413.0;107.03;37.41
All Providers Combined;TUNJA;2023-03;12329.0;3688.0;median;3688.0;14.0;79094.0;29460.0;79.09;29.46
All Providers Combined;MANIZALES;2023-03;22155.0;6553.0;median;6553.0;28.0;93036.0;20057.0;93.04;20.06
All Providers Combined;FLORENCIA;2023-03;2794.0;648.0;median;648.0;23.0;64403.0;32387.0;64.4;32.39
All Providers Combined;YOPAL;2023-03;2957.0;798.0;median;798.0;14.0;49230.0;26389.0;49.23;26.39
All Providers Combined;POPAYAN;2023-03;18584.0;5349.0;median;5349.0;19.0;67360.0;29325.0;67.36;29.33
All Providers Combined;VALLEDUPAR;2023-03;12286.0;3880.0;median;3880.0;22.0;82725.0;28683.0;82.73;28.68
All Providers Combined;QUIBDO;2023-03;794.0;110.0;median;110.0;33.0;10218.0;7882.0;10.22;7.88
All Providers Combined;MONTERIA;2023-03;10956.0;3412.0;median;3412.0;15.0;72954.0;26567.0;72.95;26.57
All Providers Combined;INIRIDA;2023-03;264.0;24.0;median;24.0;77.0;52328.0;14884.0;52.33;14.88
All Providers Combined;SAN JOSE DEL GUAVIARE;2023-03;409.0;117.0;median;117.0;15.0;8542.0;9576.0;8.54;9.58
All Providers Combined;NEIVA;2023-03;16327.0;4615.0;median;4615.0;19.0;82351.0;31496.0;82.35;31.5
All Providers Combined;RIOHACHA;2023-03;3017.0;985.0;median;985.0;32.0;61122.0;28692.0;61.12;28.69
All Providers Combined;SANTA MARTA;2023-03;14061.0;4355.0;median;4355.0;16.0;79378.0;31195.0;79.38;31.2
All Providers Combined;VILLAVICENCIO;2023-03;27683.0;7495.0;median;7495.0;9.0;103949.0;35426.0;103.95;35.43
All Providers Combined;PASTO;2023-03;12945.0;4290.0;median;4290.0;22.0;69978.0;29463.0;69.98;29.46
All Providers Combined;CUCUTA;2023-03;25923.0;7837.0;median;7837.0;23.0;78051.0;29864.0;78.05;29.86
All Providers Combined;MOCOA;2023-03;318.0;66.0;median;66.0;22.0;34384.0;25414.0;34.38;25.41
All Providers Combined;PEREIRA;2023-03;22584.0;6614.0;median;6614.0;20.0;84904.0;29147.0;84.9;29.15
All Providers Combined;SAN ANDRES;2023-03;1411.0;299.0;median;299.0;50.0;36854.0;28675.0;36.85;28.68
All Providers Combined;BUCARAMANGA;2023-03;43041.0;13640.0;median;13640.0;18.0;91894.0;33003.0;91.89;33.0
All Providers Combined;SINCELEJO;2023-03;4077.0;1248.0;median;1248.0;15.0;68346.0;23692.0;68.35;23.69
All Providers Combined;IBAGUE;2023-03;23311.0;6689.0;median;6689.0;10.0;94287.0;44097.0;94.29;44.1
All Providers Combined;CALI;2023-03;123915.0;37771.0;median;37771.0;18.0;89160.0;32965.0;89.16;32.97
All Providers Combined;MITU;2023-03;77.0;18.0;median;18.0;31.0;79454.0;21987.0;79.45;21.99
All Providers Combined;PUERTO CARRENO;2023-03;97.0;16.0;median;16.0;96.0;19510.0;6718.0;19.51;6.72
All Providers Combined;ARMENIA;2023-04;9286.0;3026.0;median;3026.0;20.0;123413.0;32840.0;123.41;32.84
All Providers Combined;LETICIA;2023-04;507.0;92.0;median;92.0;207.0;8049.0;3994.0;8.05;3.99
All Providers Combined;MEDELLIN;2023-04;194759.0;61653.0;median;61653.0;10.0;100529.0;31418.0;100.53;31.42
All Providers Combined;ARAUCA;2023-04;911.0;372.0;median;372.0;6.0;18964.0;5119.0;18.96;5.12
All Providers Combined;BARRANQUILLA;2023-04;62960.0;19889.0;median;19889.0;10.0;92363.0;33008.0;92.36;33.01
All Providers Combined;BOGOTA;2023-04;720388.0;223376.0;median;223376.0;7.0;107944.0;44883.0;107.94;44.88
All Providers Combined;CARTAGENA;2023-04;22729.0;6604.0;median;6604.0;8.0;112467.0;47535.0;112.47;47.54
All Providers Combined;TUNJA;2023-04;10986.0;3273.0;median;3273.0;15.0;81407.0;30324.0;81.41;30.32
All Providers Combined;MANIZALES;2023-04;19203.0;5786.0;median;5786.0;28.0;93635.0;20676.0;93.64;20.68
All Providers Combined;FLORENCIA;2023-04;1945.0;500.0;median;500.0;24.0;61338.0;32560.0;61.34;32.56
All Providers Combined;YOPAL;2023-04;2493.0;786.0;median;786.0;14.0;42563.0;27806.0;42.56;27.81
All Providers Combined;POPAYAN;2023-04;13881.0;4206.0;median;4206.0;19.0;66284.0;30130.0;66.28;30.13
All Providers Combined;VALLEDUPAR;2023-04;10791.0;3556.0;median;3556.0;19.0;90667.0;30630.0;90.67;30.63
All Providers Combined;QUIBDO;2023-04;505.0;97.0;median;97.0;32.0;9825.0;5726.0;9.83;5.73
All Providers Combined;MONTERIA;2023-04;9358.0;3048.0;median;3048.0;14.0;65362.0;28632.0;65.36;28.63
All Providers Combined;INIRIDA;2023-04;287.0;41.0;median;41.0;76.0;33675.0;15781.0;33.68;15.78
All Providers Combined;SAN JOSE DEL GUAVIARE;2023-04;428.0;105.0;median;105.0;14.0;9977.0;10016.0;9.98;10.02
All Providers Combined;NEIVA;2023-04;15270.0;4423.0;median;4423.0;18.0;81124.0;32643.0;81.12;32.64
All Providers Combined;RIOHACHA;2023-04;2189.0;788.0;median;788.0;33.0;58626.0;29462.0;58.63;29.46
All Providers Combined;SANTA MARTA;2023-04;11734.0;3642.0;median;3642.0;16.0;81261.0;31491.0;81.26;31.49
All Providers Combined;VILLAVICENCIO;2023-04;23945.0;7277.0;median;7277.0;10.0;110536.0;39813.0;110.54;39.81
All Providers Combined;PASTO;2023-04;11249.0;3748.0;median;3748.0;21.0;74205.0;28827.0;74.21;28.83
All Providers Combined;CUCUTA;2023-04;21663.0;6900.0;median;6900.0;23.0;80890.0;31591.0;80.89;31.59
All Providers Combined;MOCOA;2023-04;224.0;62.0;median;62.0;21.0;34346.0;25591.0;34.35;25.59
All Providers Combined;PEREIRA;2023-04;20179.0;6241.0;median;6241.0;19.0;86104.0;29852.0;86.1;29.85
All Providers Combined;SAN ANDRES;2023-04;1148.0;276.0;median;276.0;23.0;49637.0;36231.0;49.64;36.23
All Providers Combined;BUCARAMANGA;2023-04;38904.0;12435.0;median;12435.0;17.0;94368.0;33126.0;94.37;33.13
All Providers Combined;SINCELEJO;2023-04;4708.0;1255.0;median;1255.0;14.0;54674.0;22400.0;54.67;22.4
All Providers Combined;IBAGUE;2023-04;22454.0;6528.0;median;6528.0;10.0;94748.0;48225.0;94.75;48.23
All Providers Combined;CALI;2023-04;111103.0;34379.0;median;34379.0;18.0;90113.0;33161.0;90.11;33.16
All Providers Combined;MITU;2023-04;99.0;16.0;median;16.0;34.0;52807.0;17862.0;52.81;17.86
All Providers Combined;PUERTO CARRENO;2023-04;109.0;14.0;median;14.0;99.0;10007.0;11308.0;10.01;11.31
All Providers Combined;ARMENIA;2023-05;8664.0;2794.0;median;2794.0;19.0;135335.0;33916.0;135.34;33.92
All Providers Combined;LETICIA;2023-05;388.0;85.0;median;85.0;255.0;7405.0;2672.0;7.41;2.67
All Providers Combined;MEDELLIN;2023-05;185194.0;59261.0;median;59261.0;10.0;106143.0;32016.0;106.14;32.02
All Providers Combined;ARAUCA;2023-05;966.0;382.0;median;382.0;4.0;17922.0;5188.0;17.92;5.19
All Providers Combined;BARRANQUILLA;2023-05;63049.0;20228.0;median;20228.0;9.0;93933.0;33253.0;93.93;33.25
All Providers Combined;BOGOTA;2023-05;759364.0;235626.0;median;235626.0;7.0;110997.0;48124.0;111.0;48.12
All Providers Combined;CARTAGENA;2023-05;22357.0;6026.0;median;6026.0;8.0;110011.0;44361.0;110.01;44.36
All Providers Combined;TUNJA;2023-05;10218.0;2985.0;median;2985.0;14.0;87058.0;30606.0;87.06;30.61
All Providers Combined;MANIZALES;2023-05;19428.0;6012.0;median;6012.0;24.0;94297.0;21605.0;94.3;21.61
All Providers Combined;FLORENCIA;2023-05;2117.0;501.0;median;501.0;24.0;53431.0;32800.0;53.43;32.8
All Providers Combined;YOPAL;2023-05;2808.0;752.0;median;752.0;14.0;34951.0;25123.0;34.95;25.12
All Providers Combined;POPAYAN;2023-05;14519.0;4323.0;median;4323.0;19.0;70115.0;30830.0;70.12;30.83
All Providers Combined;VALLEDUPAR;2023-05;10226.0;3344.0;median;3344.0;21.0;94624.0;30988.0;94.62;30.99
All Providers Combined;QUIBDO;2023-05;513.0;97.0;median;97.0;39.0;8626.0;2826.0;8.63;2.83
All Providers Combined;MONTERIA;2023-05;8798.0;2907.0;median;2907.0;14.0;69552.0;28412.0;69.55;28.41
All Providers Combined;INIRIDA;2023-05;487.0;25.0;median;25.0;82.0;26528.0;11429.0;26.53;11.43
All Providers Combined;SAN JOSE DEL GUAVIARE;2023-05;521.0;167.0;median;167.0;14.0;14177.0;16074.0;14.18;16.07
All Providers Combined;NEIVA;2023-05;16490.0;4665.0;median;4665.0;20.0;76629.0;33033.0;76.63;33.03
All Providers Combined;RIOHACHA;2023-05;2084.0;774.0;median;774.0;34.0;66052.0;28179.0;66.05;28.18
All Providers Combined;SANTA MARTA;2023-05;12155.0;3667.0;median;3667.0;13.0;91602.0;32433.0;91.6;32.43
All Providers Combined;VILLAVICENCIO;2023-05;21753.0;6750.0;median;6750.0;9.0;111725.0;41882.0;111.73;41.88
All Providers Combined;PASTO;2023-05;12132.0;4015.0;median;4015.0;21.0;73545.0;31058.0;73.55;31.06
All Providers Combined;CUCUTA;2023-05;23260.0;7041.0;median;7041.0;23.0;81661.0;32063.0;81.66;32.06
All Providers Combined;MOCOA;2023-05;235.0;56.0;median;56.0;22.0;29588.0;23630.0;29.59;23.63
All Providers Combined;PEREIRA;2023-05;19833.0;6236.0;median;6236.0;18.0;84865.0;31221.0;84.87;31.22
All Providers Combined;SAN ANDRES;2023-05;1186.0;253.0;median;253.0;17.0;54619.0;37049.0;54.62;37.05
All Providers Combined;BUCARAMANGA;2023-05;42262.0;12767.0;median;12767.0;18.0;91492.0;32992.0;91.49;32.99
All Providers Combined;SINCELEJO;2023-05;4820.0;1259.0;median;1259.0;14.0;51817.0;23289.0;51.82;23.29
All Providers Combined;IBAGUE;2023-05;21735.0;6237.0;median;6237.0;9.0;99652.0;56045.0;99.65;56.05
All Providers Combined;CALI;2023-05;118595.0;36266.0;median;36266.0;18.0;90768.0;33214.0;90.77;33.21
All Providers Combined;MITU;2023-05;62.0;20.0;median;20.0;35.0;56077.0;17633.0;56.08;17.63
All Providers Combined;PUERTO CARRENO;2023-05;189.0;23.0;median;23.0;82.0;7559.0;7923.0;7.56;7.92
All Providers Combined;ARMENIA;2023-06;7902.0;2707.0;median;2707.0;20.0;136694.0;33981.0;136.69;33.98
All Providers Combined;LETICIA;2023-06;364.0;87.0;median;87.0;283.0;8681.0;3249.0;8.68;3.25
All Providers Combined;MEDELLIN;2023-06;175360.0;55685.0;median;55685.0;10.0;111933.0;32415.0;111.93;32.42
All Providers Combined;ARAUCA;2023-06;1291.0;467.0;median;467.0;4.0;20297.0;5275.0;20.3;5.28
All Providers Combined;BARRANQUILLA;2023-06;58599.0;19031.0;median;19031.0;9.0;93538.0;33260.0;93.54;33.26
All Providers Combined;BOGOTA;2023-06;723584.0;226905.0;median;226905.0;7.0;115963.0;48744.0;115.96;48.74
All Providers Combined;CARTAGENA;2023-06;21979.0;6210.0;median;6210.0;7.0;115031.0;49410.0;115.03;49.41
All Providers Combined;TUNJA;2023-06;9360.0;2766.0;median;2766.0;14.0;89402.0;31002.0;89.4;31.0
All Providers Combined;MANIZALES;2023-06;17945.0;5847.0;median;5847.0;29.0;96645.0;19720.0;96.65;19.72
All Providers Combined;FLORENCIA;2023-06;1470.0;406.0;median;406.0;23.0;59645.0;32741.0;59.65;32.74
All Providers Combined;YOPAL;2023-06;2879.0;813.0;median;813.0;15.0;47568.0;26287.0;47.57;26.29
All Providers Combined;POPAYAN;2023-06;14522.0;4200.0;median;4200.0;19.0;79665.0;30198.0;79.67;30.2
All Providers Combined;VALLEDUPAR;2023-06;10662.0;3376.0;median;3376.0;22.0;93948.0;31510.0;93.95;31.51
All Providers Combined;QUIBDO;2023-06;517.0;112.0;median;112.0;31.0;12495.0;9758.0;12.5;9.76
All Providers Combined;MONTERIA;2023-06;8303.0;2744.0;median;2744.0;14.0;65106.0;28158.0;65.11;28.16
All Providers Combined;INIRIDA;2023-06;237.0;35.0;median;35.0;98.0;18231.0;7207.0;18.23;7.21
All Providers Combined;SAN JOSE DEL GUAVIARE;2023-06;444.0;164.0;median;164.0;15.0;13998.0;19332.0;14.0;19.33
All Providers Combined;NEIVA;2023-06;14158.0;3903.0;median;3903.0;19.0;85349.0;32645.0;85.35;32.65
All Providers Combined;RIOHACHA;2023-06;2094.0;769.0;median;769.0;33.0;71515.0;30015.0;71.52;30.02
All Providers Combined;SANTA MARTA;2023-06;11664.0;3639.0;median;3639.0;12.0;92541.0;32558.0;92.54;32.56
All Providers Combined;VILLAVICENCIO;2023-06;21638.0;6647.0;median;6647.0;9.0;113000.0;38863.0;113.0;38.86
All Providers Combined;PASTO;2023-06;11243.0;3562.0;median;3562.0;21.0;68405.0;29769.0;68.41;29.77
All Providers Combined;CUCUTA;2023-06;24046.0;6672.0;median;6672.0;24.0;86616.0;32290.0;86.62;32.29
All Providers Combined;MOCOA;2023-06;283.0;74.0;median;74.0;21.0;35047.0;26263.0;35.05;26.26
All Providers Combined;PEREIRA;2023-06;18480.0;5738.0;median;5738.0;19.0;74401.0;30133.0;74.4;30.13
All Providers Combined;SAN ANDRES;2023-06;938.0;244.0;median;244.0;15.0;54404.0;47717.0;54.4;47.72
All Providers Combined;BUCARAMANGA;2023-06;35668.0;10950.0;median;10950.0;20.0;94504.0;32988.0;94.5;32.99
All Providers Combined;SINCELEJO;2023-06;3625.0;1127.0;median;1127.0;15.0;81260.0;24503.0;81.26;24.5
All Providers Combined;IBAGUE;2023-06;19966.0;5808.0;median;5808.0;9.0;102957.0;61291.0;102.96;61.29
All Providers Combined;CALI;2023-06;115360.0;34113.0;median;34113.0;18.0;93843.0;33279.0;93.84;33.28
All Providers Combined;MITU;2023-06;52.0;18.0;median;18.0;36.0;28483.0;15200.0;28.48;15.2
All Providers Combined;PUERTO CARRENO;2023-06;143.0;24.0;median;24.0;104.0;16410.0;8037.0;16.41;8.04
